City,City,Lat,Lng,Max Temp,Humidity,Cloudiness,Wind Speed,Country,Date
0,languyan,5.2618,120.0807,86.18,64,98,2.19,PH,1630654068
1,kamaishi,39.2667,141.8833,76.15,70,100,6.4,JP,1630654069
2,guozhen,34.3659,107.359,73.33,94,100,6.04,CN,1630654070
3,vila velha,-20.3297,-40.2925,66.15,94,75,2.3,BR,1630654070
4,saint-pierre,-21.3393,55.4781,76.68,59,3,29.93,RE,1630654071
5,margate,51.3813,1.3862,62.31,91,1,13.42,GB,1630654072
6,oktyabrskoye,43.0645,44.7417,57.34,94,90,6.71,RU,1630654072
7,albany,42.6001,-73.9662,57.61,80,98,5.77,US,1630654021
8,naivasha,-0.7167,36.4359,60.1,66,49,9.37,KE,1630654074
9,bredasdorp,-34.5322,20.0403,60.28,55,20,9.22,ZA,1630654074
10,saint george,37.1041,-113.5841,81.19,41,1,1.99,US,1630653826
11,fairbanks,64.8378,-147.7164,57.31,86,90,3.44,US,1630654075
12,busselton,-33.65,115.3333,59.04,57,61,5.08,AU,1630654076
13,evanston,42.0411,-87.6901,69.1,79,75,5.75,US,1630654077
14,revda,56.801,59.9303,65.21,52,100,6.02,RU,1630654078
15,hermanus,-34.4187,19.2345,60.8,73,14,16.53,ZA,1630654078
16,cairns,-16.9167,145.7667,78.75,68,40,17.27,AU,1630654079
17,llanes,43.4198,-4.7549,67.86,87,100,9.78,ES,1630654080
18,jamestown,42.097,-79.2353,55.51,94,90,1.01,US,1630653835
19,axim,4.8699,-2.2405,76.14,90,99,11.92,GH,1630654081
20,punta arenas,-53.15,-70.9167,41.11,81,0,6.91,CL,1630654081
21,taltal,-25.4,-70.4833,56.16,83,32,1.01,CL,1630654082
22,pangkalanbuun,-2.6833,111.6167,80.01,84,89,4.68,ID,1630654083
23,chunskiy,56.0815,99.6342,58.69,36,76,6.38,RU,1630654083
24,cherskiy,68.75,161.3,49.21,50,100,3.58,RU,1630654084
25,hilo,19.7297,-155.09,74.93,90,90,3.44,US,1630653889
26,waingapu,-9.6567,120.2641,86.09,60,100,10.98,ID,1630654085
27,bethel,41.3712,-73.414,59.58,85,1,4.61,US,1630654000
28,fort nelson,58.8053,-122.7002,49.59,81,20,2.3,CA,1630654087
29,pacific grove,36.6177,-121.9166,59.43,84,79,1.99,US,1630654087
30,ushuaia,-54.8,-68.3,46.06,57,40,8.05,AR,1630653922
31,port alfred,-33.5906,26.891,65.32,70,67,25.19,ZA,1630654088
32,bluff,-46.6,168.3333,52.99,71,95,10.98,NZ,1630654089
33,bengkulu,-3.8004,102.2655,84.07,69,53,14.47,ID,1630654090
34,saint-philippe,-21.3585,55.7679,76.59,69,14,12.8,RE,1630654091
35,puerto carreno,6.189,-67.4859,74.66,92,100,2.89,CO,1630654092
36,ribeira grande,38.5167,-28.7,70.2,88,75,1.14,PT,1630654092
37,norman wells,65.282,-126.8329,59.04,77,75,6.91,CA,1630654093
38,puerto ayora,-0.7393,-90.3518,69.55,87,69,4.0,EC,1630654094
39,rikitea,-23.1203,-134.9692,73.85,76,100,18.7,PF,1630654094
40,samarai,-10.6167,150.6667,79.29,77,28,15.7,PG,1630654096
41,kodiak,57.79,-152.4072,54.91,88,90,8.05,US,1630654096
42,sitka,57.0531,-135.33,60.69,72,90,3.44,US,1630654097
43,mayo,38.8876,-76.5119,65.55,83,0,4.0,US,1630654098
44,linxia,35.6003,103.2064,62.19,75,100,3.44,CN,1630654098
45,burgeo,47.6167,-57.6152,63.79,97,100,23.04,CA,1630654099
46,mataura,-46.1927,168.8643,46.96,83,99,2.3,NZ,1630654100
47,ponta do sol,32.6667,-17.1,76.01,81,47,2.62,PT,1630654100
48,songjianghe,42.1859,127.479,75.45,39,23,5.5,CN,1630654101
49,riyadh,24.6877,46.7219,102.34,12,0,2.3,SA,1630653840
50,masinigudi,11.5667,76.6667,69.42,89,100,4.0,IN,1630654103
51,vaini,-21.2,-175.2,68.16,94,90,9.22,TO,1630654103
52,kavieng,-2.5744,150.7967,83.64,71,44,8.88,PG,1630654104
53,neuquen,-38.9516,-68.0591,46.29,93,75,3.44,AR,1630654105
54,dawson,31.7735,-84.4466,74.89,74,0,7.56,US,1630654105
55,manzil salim,35.8567,8.4765,78.8,44,43,4.81,TN,1630654106
56,santa isabel,-23.3156,-46.2214,65.98,79,9,2.42,BR,1630654107
57,tambovka,50.0969,128.0489,78.91,57,11,5.97,RU,1630654107
58,butaritari,3.0707,172.7902,82.71,65,9,11.1,KI,1630654108
59,alikalia,9.1667,-11.4,67.37,100,76,1.7,SL,1630654110
60,qaanaaq,77.484,-69.3632,30.88,64,100,10.56,GL,1630654110
61,fallon,39.4735,-118.7774,68.27,14,40,3.44,US,1630654111
62,mpika,-11.8343,31.4529,71.82,37,22,14.63,ZM,1630654112
63,hithadhoo,-0.6,73.0833,82.8,67,52,6.93,MV,1630654112
64,gonbad-e qabus,37.25,55.1672,94.15,41,41,19.08,IR,1630654113
65,kholodnyy,62.7167,147.95,67.53,38,30,9.55,RU,1630654114
66,kapaa,22.0752,-159.319,80.92,76,40,3.0,US,1630653889
67,gat,31.61,34.7642,85.41,53,0,3.71,IL,1630653964
68,kahului,20.8947,-156.47,77.02,84,1,14.97,US,1630653823
69,ilulissat,69.2167,-51.1,33.82,80,0,9.22,GL,1630654116
70,faya,18.3851,42.4509,81.12,23,20,3.78,SA,1630654117
71,barrow,71.2906,-156.7887,35.62,80,90,27.63,US,1630654117
72,benjamin constant,-4.3831,-70.0311,75.33,86,86,2.71,BR,1630654118
73,dongkan,33.9997,119.8308,79.9,66,89,8.5,CN,1630654119
74,sambava,-14.2667,50.1667,75.51,69,99,15.3,MG,1630654120
75,troitsko-pechorsk,62.7084,56.1964,56.03,54,100,6.51,RU,1630654120
76,hofn,64.2539,-15.2082,53.33,74,100,2.84,IS,1630654121
77,faanui,-16.4833,-151.75,79.47,67,6,18.05,PF,1630654122
78,dikson,73.5069,80.5464,41.5,89,100,27.16,RU,1630654122
79,hanyang,32.1371,105.5126,77.77,84,100,4.59,CN,1630654123
80,brae,60.3964,-1.353,51.71,80,100,5.93,GB,1630654124
81,seoul,37.5683,126.9778,85.39,42,0,5.75,KR,1630654124
82,narsaq,60.9167,-46.05,43.02,97,100,3.36,GL,1630654125
83,souillac,-20.5167,57.5167,76.35,57,40,14.97,MU,1630654126
84,hobart,-42.8794,147.3294,54.27,96,75,4.61,AU,1630654035
85,east london,-33.0153,27.9116,68.94,56,0,16.11,ZA,1630654127
86,cape town,-33.9258,18.4232,59.11,84,75,7.0,ZA,1630654128
87,hualmay,-11.0964,-77.6139,61.02,87,56,7.23,PE,1630654128
88,san jeronimo,-11.9472,-75.2829,51.76,67,95,1.99,PE,1630654129
89,plettenberg bay,-34.0527,23.3716,58.93,77,100,5.19,ZA,1630654130
90,tiksi,71.6872,128.8694,38.97,96,100,16.69,RU,1630654130
91,juneau,58.3019,-134.4197,57.85,96,90,6.91,US,1630654131
92,caldwell,43.6629,-116.6874,62.98,46,1,5.75,US,1630654059
93,half moon bay,37.4636,-122.4286,60.71,87,90,0.0,US,1630654132
94,richards bay,-28.783,32.0377,73.9,59,0,16.67,ZA,1630654133
95,coro,11.4045,-69.6734,78.91,85,63,12.3,VE,1630654134
96,karratha,-20.7377,116.8463,83.21,24,69,4.5,AU,1630654135
97,maniitsoq,65.4167,-52.9,40.46,84,22,0.94,GL,1630654136
98,yellowknife,62.456,-114.3525,48.72,100,1,3.44,CA,1630654081
99,zlotoryja,51.1264,15.9198,64.81,75,0,6.55,PL,1630654137
100,chifeng,42.2683,118.9636,75.88,53,62,7.27,CN,1630654138
101,severo-kurilsk,50.6789,156.125,55.76,89,87,4.99,RU,1630654139
102,varhaug,58.6147,5.6457,54.95,72,97,23.33,NO,1630654139
103,mahajanga,-15.7167,46.3167,84.22,37,0,16.11,MG,1630654140
104,pevek,69.7008,170.3133,35.17,82,20,4.05,RU,1630654141
105,flinders,-34.5833,150.8552,70.18,73,11,4.0,AU,1630654141
106,port elizabeth,-33.918,25.5701,63.1,82,40,26.46,ZA,1630654142
107,qaqortoq,60.7167,-46.0333,43.3,96,100,4.63,GL,1630654143
108,wyndham,37.6985,-77.6125,59.95,89,1,1.01,US,1630654144
109,guarapuava,-25.3953,-51.4581,54.75,65,0,2.66,BR,1630654144
110,the valley,18.217,-63.0578,84.06,79,39,18.32,AI,1630654145
111,monrovia,6.3005,-10.7969,74.86,90,97,8.84,LR,1630654146
112,ocala,29.1872,-82.1401,75.99,93,1,0.0,US,1630654026
113,gerardmer,48.0735,6.8779,57.69,68,0,1.19,FR,1630654147
114,port hawkesbury,45.6169,-61.3485,64.69,90,90,5.99,CA,1630654148
115,husavik,66.0449,-17.3389,49.91,74,100,6.87,IS,1630654148
116,atuona,-9.8,-139.0333,77.86,78,31,19.26,PF,1630654149
117,mahebourg,-20.4081,57.7,76.24,57,40,14.97,MU,1630654150
118,moussoro,13.6408,16.4901,81.3,64,100,14.83,TD,1630654150
119,lompoc,34.6391,-120.4579,61.79,85,75,0.0,US,1630654150
120,hasaki,35.7333,140.8333,70.2,86,100,18.68,JP,1630654152
121,kamenka,51.3223,42.7678,50.76,83,100,19.1,RU,1630654152
122,misratah,32.3754,15.0925,80.85,66,0,10.89,LY,1630654153
123,mar del plata,-38.0023,-57.5575,47.86,95,0,6.51,AR,1630654150
124,manokwari,-0.8667,134.0833,83.71,68,59,5.03,ID,1630654154
125,tuktoyaktuk,69.4541,-133.0374,40.95,88,100,18.95,CA,1630654155
126,changji,44.0167,87.3167,79.59,38,20,6.71,CN,1630654156
127,reading,51.4562,-0.9711,61.63,86,75,1.01,GB,1630653972
128,lakeland,28.0395,-81.9498,76.62,87,1,8.01,US,1630654157
129,khatanga,71.9667,102.5,43.36,54,78,5.57,RU,1630654158
130,dhidhdhoo,6.8833,73.1,81.84,75,100,9.66,MV,1630654159
131,araouane,18.9048,-3.5265,90.1,33,14,13.98,ML,1630654159
132,ambulu,-8.345,113.6058,83.57,57,79,11.63,ID,1630654160
133,saldanha,-33.0117,17.9442,53.65,84,32,17.25,ZA,1630654161
134,paita,-5.0892,-81.1144,63.0,90,99,12.73,PE,1630654161
135,bathsheba,13.2167,-59.5167,83.01,83,40,20.71,BB,1630654162
136,pangnirtung,66.1451,-65.7125,40.89,98,100,5.3,CA,1630654163
137,arraial do cabo,-22.9661,-42.0278,69.06,91,7,24.05,BR,1630654140
138,minyar,55.0709,57.5485,74.86,34,100,13.8,RU,1630654164
139,porto velho,-8.7619,-63.9039,73.45,94,0,0.0,BR,1630654165
140,sisimiut,66.9395,-53.6735,38.89,86,0,7.09,GL,1630654166
141,georgetown,5.4112,100.3354,89.55,55,20,3.44,MY,1630654167
142,san rafael,-34.6177,-68.3301,55.42,80,100,4.79,AR,1630654167
143,chuy,-33.6971,-53.4616,57.49,96,100,10.45,UY,1630654168
144,severomuysk,56.1481,113.4267,38.64,95,100,5.7,RU,1630654169
145,klaksvik,62.2266,-6.589,52.72,84,99,4.16,FO,1630654169
146,kirkkonummi,60.1238,24.4385,52.05,77,66,15.68,FI,1630654171
147,shingu,33.7333,135.9833,81.91,89,91,3.69,JP,1630654171
148,puerto madryn,-42.7692,-65.0385,52.03,77,100,19.62,AR,1630654004
149,bambous virieux,-20.3428,57.7575,76.21,57,40,14.97,MU,1630654172
150,new norfolk,-42.7826,147.0587,53.92,87,100,4.0,AU,1630654173
151,canmore,51.0834,-115.3521,47.75,87,35,0.0,CA,1630654174
152,longyearbyen,78.2186,15.6401,33.64,75,0,3.44,SJ,1630654175
153,verkhoyansk,67.5447,133.385,49.69,95,100,1.83,RU,1630654175
154,katsuura,35.1333,140.3,71.71,93,100,10.31,JP,1630654176
155,popondetta,-8.7537,148.2534,81.59,76,83,3.27,PG,1630654177
156,palm springs,33.8303,-116.5453,89.64,37,1,3.44,US,1630654177
157,sokoto,13.0609,5.239,77.86,77,92,10.22,NG,1630654178
158,labrea,-7.2586,-64.7981,73.17,77,12,2.64,BR,1630654179
159,kuantan,3.8077,103.326,89.71,66,40,3.44,MY,1630654180
160,lagoa,39.05,-27.9833,70.72,79,96,6.42,PT,1630654180
161,san patricio,28.017,-97.5169,85.86,78,0,8.68,US,1630654181
162,tasiilaq,65.6145,-37.6368,41.16,97,100,4.52,GL,1630654182
163,muros,42.7762,-9.0603,63.84,93,87,4.16,ES,1630654183
164,stryn,61.9045,6.7226,56.14,97,100,3.89,NO,1630654183
165,saskylakh,71.9167,114.0833,36.52,73,100,14.25,RU,1630654184
166,lorengau,-2.0226,147.2712,84.43,69,55,8.63,PG,1630654185
167,santa cruz cabralia,-16.2781,-39.0247,66.43,100,75,6.91,BR,1630654185
168,nanortalik,60.1432,-45.2371,42.8,98,100,1.83,GL,1630654186
169,borogontsy,62.6683,131.1683,57.85,80,100,12.55,RU,1630654187
170,tucuma,-0.1833,-50.05,74.16,94,100,6.76,BR,1630654187
171,nikolskoye,59.7035,30.7861,46.29,95,100,7.16,RU,1630654188
172,zhigansk,66.7697,123.3711,50.4,60,72,6.96,RU,1630654189
173,snezhnogorsk,69.1933,33.2531,44.38,93,100,28.41,RU,1630654190
174,kaliningrad,54.7065,20.511,62.65,75,50,19.42,RU,1630654190
175,el estor,15.5333,-89.35,74.16,97,66,1.7,GT,1630654191
176,yulara,-25.2406,130.9889,71.44,21,100,12.66,AU,1630654192
177,abrau-dyurso,44.69,37.59,63.86,55,32,20.04,RU,1630654193
178,obo,5.3998,26.4869,75.34,76,54,2.77,CF,1630654193
179,bahir dar,11.5936,37.3908,66.07,85,100,5.39,ET,1630654194
180,nizhniy tsasuchey,50.5167,115.1333,75.76,43,100,9.35,RU,1630654195
181,wanning,18.8003,110.3967,86.92,68,100,12.68,CN,1630654195
182,rio gallegos,-51.6226,-69.2181,39.25,70,0,6.91,AR,1630654196
183,torbay,47.6666,-52.7314,61.29,98,90,14.97,CA,1630654197
184,trincomalee,8.5711,81.2335,90.34,56,97,9.22,LK,1630654198
185,moengo,5.6167,-54.4,73.06,96,100,2.24,SR,1630654199
186,iskateley,67.6803,53.1512,46.89,75,100,7.25,RU,1630654199
187,fiumicino,41.7675,12.2291,76.08,60,0,4.61,IT,1630653944
188,along,28.1667,94.7667,87.28,71,87,3.78,IN,1630654200
189,coahuayana,18.7333,-103.6833,75.47,92,99,3.13,MX,1630654202
190,esperance,-33.8667,121.9,55.24,61,42,11.79,AU,1630654203
191,micheweni,-4.9667,39.8333,80.83,60,12,12.12,TZ,1630654204
192,airai,-8.9266,125.4092,70.03,65,86,4.52,TL,1630654208
193,los llanos de aridane,28.6585,-17.9182,69.55,75,20,4.61,ES,1630654209
194,dickinson,29.4608,-95.0513,84.94,89,1,0.0,US,1630654210
195,namibe,-15.1961,12.1522,66.18,76,12,4.38,AO,1630654211
196,asau,46.4333,26.4,62.96,51,13,2.84,RO,1630654212
197,haines junction,60.7522,-137.5108,51.75,76,100,3.44,CA,1630654212
198,thompson,55.7435,-97.8558,55.56,94,90,6.91,CA,1630654213
199,campbell river,50.0163,-125.2446,58.53,83,100,3.36,CA,1630654209
200,caravelas,-17.7125,-39.2481,66.24,95,31,1.77,BR,1630654214
201,mackay,-21.15,149.2,71.58,78,75,19.57,AU,1630654216
202,chokurdakh,70.6333,147.9167,55.09,60,100,7.05,RU,1630654217
203,nurota,40.5614,65.6886,89.69,10,0,7.16,UZ,1630654217
204,medea,36.2642,2.7539,68.45,68,6,3.44,DZ,1630654218
205,avarua,-21.2078,-159.775,73.45,94,90,6.91,CK,1630654219
206,ellensburg,46.9965,-120.5479,63.28,60,1,1.99,US,1630654031
207,suez,29.9737,32.5263,85.78,50,0,11.01,EG,1630654220
208,makakilo city,21.3469,-158.0858,79.12,76,40,6.91,US,1630654220
209,muhos,64.808,25.9931,47.98,77,100,10.42,FI,1630654221
210,vorontsovka,50.6132,40.3549,58.55,55,91,20.36,RU,1630654222
211,hervey bay,-25.2986,152.8535,71.71,69,26,12.86,AU,1630654223
212,sault sainte marie,46.5168,-84.3333,57.88,90,1,4.61,CA,1630654095
213,maragogipe,-12.7778,-38.9194,77.05,95,61,3.67,BR,1630654224
214,maldonado,-34.6667,-54.9167,54.79,94,100,9.53,UY,1630654225
215,tuatapere,-46.1333,167.6833,47.19,89,32,6.91,NZ,1630654225
216,vanimo,-2.6741,141.3028,81.39,84,100,9.78,PG,1630654226
217,castro,-24.7911,-50.0119,56.25,69,3,3.31,BR,1630654227
218,svetlogorsk,52.6333,29.7333,58.87,58,48,15.35,BY,1630654227
219,ekhabi,53.5102,142.9671,60.06,78,9,8.99,RU,1630654228
220,koslan,63.4564,48.8989,46.74,79,100,8.1,RU,1630654229
221,nioro,13.35,-15.75,76.73,92,67,4.47,GM,1630654230
222,lixourion,38.2019,20.4314,80.6,50,0,10.36,GR,1630654231
223,arak,34.0917,49.6892,86.86,11,2,4.16,IR,1630654232
224,pedernales,18.0384,-71.744,80.35,69,83,2.39,DO,1630654232
225,magadan,59.5667,150.8,54.82,91,90,6.73,RU,1630654233
226,ikongo,-21.8833,47.4333,75.83,49,13,6.17,MG,1630654234
227,carnarvon,-24.8667,113.6333,66.27,38,0,26.46,AU,1630654234
228,middelburg,-25.7751,29.4648,74.48,20,0,7.47,ZA,1630654235
229,srandakan,-7.9386,110.2506,80.71,58,100,13.0,ID,1630654236
230,kaitangata,-46.2817,169.8464,48.63,87,78,4.21,NZ,1630654237
231,upernavik,72.7868,-56.1549,36.5,76,7,3.36,GL,1630654238
232,sibolga,1.7427,98.7792,85.42,62,58,5.48,ID,1630654238
233,lavrentiya,65.5833,-171.0,44.89,90,100,1.3,RU,1630654239
234,alice springs,-23.7,133.8833,62.15,67,75,12.66,AU,1630654240
235,magdalena,14.1999,121.429,89.42,80,100,3.36,PH,1630654240
236,malakal,9.5334,31.6605,72.41,95,100,3.22,SS,1630654241
237,victoria,22.2855,114.1577,91.33,69,100,1.99,HK,1630654024
238,namatanai,-3.6667,152.4333,81.12,79,100,9.51,PG,1630654243
239,ketchikan,55.3422,-131.6461,55.87,100,90,4.61,US,1630654244
240,high level,58.5169,-117.136,44.71,100,1,0.0,CA,1630654245
241,chulman,56.8479,124.9104,66.49,66,77,6.55,RU,1630654245
242,guarapari,-20.6667,-40.4975,66.09,89,4,5.97,BR,1630654246
243,minab,27.1467,57.0801,96.3,39,0,11.36,IR,1630654247
244,pisco,-13.7,-76.2167,60.85,88,10,6.91,PE,1630654247
245,suffolk,40.8668,-72.7996,61.92,82,1,7.0,US,1630654075
246,provideniya,64.3833,-173.3,49.32,81,87,2.84,RU,1630654249
247,grindavik,63.8424,-22.4338,57.15,100,75,16.11,IS,1630654249
248,matara,5.9485,80.5353,85.77,63,51,13.76,LK,1630654250
249,tilichiki,60.4667,166.1,49.6,68,11,6.2,RU,1630654251
250,petropavlovsk-kamchatskiy,53.0452,158.6483,61.39,72,20,8.95,RU,1630654252
251,cap-aux-meules,47.3821,-61.8597,66.22,94,100,16.11,CA,1630654252
252,lhokseumawe,5.1801,97.1507,84.87,69,98,6.67,ID,1630654253
253,pemba,-12.974,40.5178,78.78,64,75,12.17,MZ,1630654254
254,tautira,-17.7333,-149.15,77.02,78,27,16.75,PF,1630654255
255,formosa,-26.1775,-58.1781,64.38,94,0,8.05,AR,1630654256
256,bubaque,11.2833,-15.8333,80.56,78,68,10.87,GW,1630654256
257,hamilton,39.1834,-84.5333,65.35,76,1,1.01,US,1630654209
258,saint-augustin,51.226,-58.6502,43.81,93,100,25.03,CA,1630654258
259,meulaboh,4.1363,96.1285,84.16,66,56,7.58,ID,1630654258
260,guerrero negro,27.9769,-114.0611,67.89,82,14,10.85,MX,1630654259
261,akniste,56.1615,25.7478,58.57,84,87,14.05,LV,1630654260
262,spring hill,28.4769,-82.5255,80.82,90,1,0.0,US,1630654260
263,heze,35.2431,115.4411,81.93,70,100,6.44,CN,1630654261
264,port hardy,50.6996,-127.4199,51.8,100,20,2.3,CA,1630654262
265,laguna,38.421,-121.4238,66.7,79,1,1.99,US,1630654262
266,ponoka,52.6768,-113.5815,46.89,88,1,7.23,CA,1630654263
267,portland,45.5234,-122.6762,67.93,59,75,1.01,US,1630653982
268,malavalli,12.3833,77.0833,82.26,82,100,8.39,IN,1630654265
269,avera,33.194,-82.5271,71.26,63,0,6.64,US,1630654266
270,myaundzha,63.0494,147.1858,63.05,46,14,5.19,RU,1630654266
271,mansa,29.9833,75.3833,80.83,81,100,2.26,IN,1630654059
272,jalu,29.0331,21.5482,82.33,48,0,9.62,LY,1630654268
273,victor harbor,-35.5667,138.6167,59.0,59,10,1.01,AU,1630654269
274,rawson,-43.3002,-65.1023,51.8,76,100,20.65,AR,1630654270
275,lebu,-37.6167,-73.65,47.57,91,3,2.01,CL,1630654271
276,adiake,5.2863,-3.304,78.39,87,95,11.77,CI,1630654272
277,fortuna,40.5982,-124.1573,54.43,74,90,0.0,US,1630654272
278,challans,46.8436,-1.8749,68.2,77,67,6.67,FR,1630654273
279,ouadda,8.0777,22.4007,72.81,87,96,3.42,CF,1630654274
280,aschersleben,51.75,11.4667,65.95,68,0,3.91,DE,1630654275
281,nelson bay,-32.7167,152.15,70.29,74,0,3.0,AU,1630654275
282,chumikan,54.7183,135.315,60.26,66,16,6.17,RU,1630654276
283,karangasem,-8.45,115.6167,81.48,68,64,14.14,ID,1630654277
284,cidreira,-30.1811,-50.2056,63.41,85,61,10.31,BR,1630654277
285,masuguru,-11.3667,38.4167,87.53,30,94,8.39,TZ,1630654278
286,soldotna,60.4878,-151.0583,53.96,96,90,3.44,US,1630654279
287,sawankhalok,17.316,99.8319,87.69,70,40,2.3,TH,1630654280
288,dzhebariki-khaya,62.2167,135.8,70.09,45,8,7.63,RU,1630654281
289,artesia,33.8658,-118.0831,70.48,88,90,1.99,US,1630654281
290,nipawin,53.3668,-104.0009,59.04,77,90,11.5,CA,1630654282
291,novobureyskiy,49.798,129.8774,76.08,57,6,2.77,RU,1630654283
292,mikhaylovsk,45.1283,42.0256,60.58,63,40,22.37,RU,1630654284
293,la ronge,55.1001,-105.2842,52.02,93,1,2.3,CA,1630654284
294,lubben,51.95,13.9,68.7,70,0,7.92,DE,1630654285
295,dicabisagan,17.0818,122.4157,84.36,76,59,3.51,PH,1630654286
296,kawalu,-7.3817,108.2082,78.62,62,100,6.49,ID,1630654287
297,bonavista,48.6499,-53.1147,59.11,99,100,15.48,CA,1630654287
298,port blair,11.6667,92.75,86.04,84,75,17.27,IN,1630654288
299,srednekolymsk,67.45,153.6833,59.81,48,38,6.96,RU,1630654289
300,khuzdar,27.7384,66.6434,89.49,27,96,9.86,PK,1630654289
301,varzea da palma,-17.5981,-44.7308,62.94,78,2,2.08,BR,1630654290
302,lauria,40.0465,15.8358,76.06,36,10,3.42,IT,1630654291
303,roblin,51.23,-101.3565,56.97,64,47,11.25,CA,1630654291
304,bodden town,19.2833,-81.25,82.0,89,99,1.01,KY,1630654292
305,zhangjiakou,40.81,114.8794,82.65,36,100,3.13,CN,1630654293
306,mezen,65.8522,44.24,50.41,64,88,5.26,RU,1630654293
307,ugoofaaru,5.6667,73.0,82.26,73,100,10.0,MV,1630654294
308,saint-joseph,-21.3667,55.6167,75.58,64,4,14.65,RE,1630654295
309,quatre cocos,-20.2078,57.7625,76.08,64,68,15.93,MU,1630654296
310,tura,25.5198,90.2201,85.46,71,61,3.18,IN,1630654296
311,kruisfontein,-34.0033,24.7314,60.89,67,99,19.3,ZA,1630654297
312,comodoro rivadavia,-45.8667,-67.5,42.66,93,0,3.44,AR,1630654201
313,saurimo,-9.6608,20.3916,71.92,64,75,0.0,AO,1630654298
314,suicheng,33.8963,117.9331,80.13,73,91,7.9,CN,1630654299
315,honiara,-9.4333,159.95,78.64,87,42,6.46,SB,1630654300
316,yerbogachen,61.2767,108.0108,47.8,64,100,7.85,RU,1630654300
317,kodinsk,58.6881,99.1844,56.17,40,95,4.72,RU,1630654301
318,ostrovnoy,68.0531,39.5131,38.34,96,100,18.54,RU,1630654302
319,mount isa,-20.7333,139.5,85.77,30,0,8.05,AU,1630654267
320,ola,59.5833,151.2833,54.34,93,95,7.58,RU,1630654303
321,ulaanbaatar,47.9077,106.8832,73.53,35,40,15.66,MN,1630654074
322,snyder,32.7179,-100.9176,81.36,61,1,5.75,US,1630654304
323,dumas,35.8656,-101.9732,80.02,78,1,8.05,US,1630654305
324,liwale,-9.7667,37.9333,82.09,38,99,7.76,TZ,1630654305
325,zhezkazgan,47.8043,67.7144,81.55,19,0,12.1,KZ,1630654306
326,luderitz,-26.6481,15.1594,58.78,62,7,8.72,NA,1630654307
327,araguaina,-7.1911,-48.2072,73.76,51,7,0.87,BR,1630654211
328,talara,-4.5772,-81.2719,64.24,88,66,17.31,PE,1630654308
329,skjervoy,70.0311,20.9714,46.4,80,100,22.62,NO,1630654309
330,tessalit,20.1986,1.0114,95.38,13,0,11.95,ML,1630654309
331,san-pedro,4.7485,-6.6363,75.58,92,99,6.8,CI,1630654306
332,belmonte,-15.8631,-38.8828,66.7,86,35,3.4,BR,1630654311
333,vestmannaeyjar,63.4427,-20.2734,55.15,83,100,12.39,IS,1630654311
334,bintulu,3.1667,113.0333,86.41,74,20,0.0,MY,1630654312
335,salalah,17.0151,54.0924,78.89,100,90,5.75,OM,1630654313
336,ringebu,61.5167,10.1667,44.62,97,100,2.91,NO,1630654314
337,chaman,30.9236,66.4512,89.87,16,0,5.93,PK,1630654314
338,lata,40.1629,-8.3327,65.8,79,3,2.01,PT,1630654315
339,shieli,44.1667,66.75,90.37,14,0,14.45,KZ,1630654316
340,alofi,-19.0595,-169.9187,73.29,88,100,8.05,NU,1630654317
341,aswan,24.0934,32.907,103.19,16,1,3.11,EG,1630654318
342,talnakh,69.4865,88.3972,45.28,73,100,25.12,RU,1630654319
343,buraydah,26.326,43.975,102.65,6,0,3.02,SA,1630654243
344,usinsk,65.9939,57.5281,52.88,68,96,18.32,RU,1630654270
345,ponta delgada,37.7333,-25.6667,68.72,88,20,5.75,PT,1630654321
346,rzhaksa,52.1338,42.0264,58.23,48,71,19.46,RU,1630654322
347,leh,34.1667,77.5833,65.16,22,21,6.17,IN,1630654323
348,chardara,41.2547,67.9692,87.55,20,0,2.64,KZ,1630654324
349,saint-francois,46.4154,3.9054,63.48,94,0,2.3,FR,1630654324
350,dabat,12.9842,37.765,60.4,77,100,2.75,ET,1630654325
351,jiuquan,39.7432,98.5174,79.7,23,98,9.22,CN,1630654326
352,san carlos de bariloche,-41.1456,-71.3082,33.55,86,40,4.61,AR,1630654327
353,talavera,15.6167,120.9333,85.71,75,59,6.8,PH,1630654327
354,san pedro,14.35,121.0167,89.35,63,20,11.5,PH,1630654328
355,rio de janeiro,-22.9028,-43.2075,66.2,88,0,4.61,BR,1630654263
356,akureyri,65.6835,-18.0878,49.93,87,40,6.91,IS,1630654329
357,tazovskiy,67.4667,78.7,53.08,80,100,18.14,RU,1630654235
358,constitucion,-35.3333,-72.4167,48.02,90,0,2.28,CL,1630654330
359,kindu,-2.95,25.95,78.76,70,100,2.42,CD,1630654331
360,maceio,-9.6658,-35.7353,69.24,100,40,3.44,BR,1630654333
361,crib point,-38.35,145.2,55.02,94,100,10.2,AU,1630654334
362,gunjur,13.2019,-16.7339,78.87,94,40,0.0,GM,1630654335
363,beringovskiy,63.05,179.3167,45.03,73,100,17.83,RU,1630654335
364,kiomboi,-4.2667,34.3667,77.76,29,70,13.06,TZ,1630654336
365,kourou,5.1552,-52.6478,74.1,93,100,4.94,GF,1630654204
366,apastovo,55.2029,48.5109,53.91,90,100,15.05,RU,1630654337
367,san felipe,10.3399,-68.7425,72.63,99,64,1.43,VE,1630654338
368,palmeiras de goias,-16.805,-49.9258,67.37,41,0,3.8,BR,1630654339
369,north bend,43.4065,-124.2243,54.91,93,90,8.05,US,1630654340
370,alto piquiri,-24.0281,-53.4406,64.09,51,0,7.18,BR,1630654340
371,port lincoln,-34.7333,135.8667,54.66,65,19,16.42,AU,1630654341
372,zambezi,-13.5432,23.1047,82.63,26,79,11.14,ZM,1630654343
373,lanzhou,36.0564,103.7922,72.68,52,100,9.13,CN,1630654254
374,batticaloa,7.7102,81.6924,87.37,60,94,13.69,LK,1630654344
375,boende,-0.2167,20.8667,79.66,69,100,1.5,CD,1630654344
376,deori khas,23.4,79.0167,87.91,61,81,4.83,IN,1630654345
377,gondanglegi,-7.7479,112.0132,87.53,43,6,21.05,ID,1630654346
378,waitati,-45.75,170.5667,50.81,87,26,4.45,NZ,1630654347
379,mount gambier,-37.8333,140.7667,55.31,76,90,8.05,AU,1630654347
380,leningradskiy,69.3833,178.4167,32.49,100,100,4.54,RU,1630654348
381,china,25.7,-99.2333,80.53,75,11,13.4,MX,1630654349
382,oum hadjer,13.2954,19.6966,83.26,56,100,18.59,TD,1630654349
383,shangrao,28.4532,117.9686,93.13,55,11,0.92,CN,1630654350
384,ambilobe,-13.2,49.05,90.1,26,85,12.95,MG,1630654351
385,cabo san lucas,22.8909,-109.9124,81.61,76,94,7.0,MX,1630654205
386,sandnessjoen,66.0217,12.6316,48.72,87,40,5.75,NO,1630654352
387,bako,5.7833,36.5667,76.44,55,54,3.15,ET,1630654353
388,ardakan,32.31,54.0175,97.18,6,1,2.26,IR,1630654354
389,teguldet,57.3064,88.1667,63.66,40,79,2.91,RU,1630654354
390,camabatela,-8.1881,15.375,67.23,70,99,6.24,AO,1630654355
391,calama,-22.4667,-68.9333,46.89,27,0,19.57,CL,1630654322
392,charters towers,-20.1,146.2667,71.37,60,52,17.98,AU,1630654357
393,asyut,27.181,31.1837,91.99,27,19,18.88,EG,1630654357
394,codrington,-38.2667,141.9667,50.13,84,99,8.43,AU,1630654358
395,saint pete beach,27.7253,-82.7412,80.65,80,1,3.44,US,1630654359
396,trairi,-3.2778,-39.2689,77.76,79,100,12.86,BR,1630654095
397,safonovo,55.15,33.2167,51.66,79,100,14.81,RU,1630654360
398,jever,53.5833,7.9,59.23,94,75,5.75,DE,1630654361
399,phanom sarakham,13.7479,101.3553,85.89,71,80,12.37,TH,1630654362
400,panaba,21.2833,-88.2667,73.15,96,95,4.61,MX,1630654362
401,sri aman,1.2376,111.4621,80.65,89,40,0.0,MY,1630654363
402,kortkeros,61.8106,51.5806,50.0,72,100,3.13,RU,1630654364
403,nantucket,41.2835,-70.0995,64.15,78,0,15.12,US,1630654365
404,qasigiannguit,68.8193,-51.1922,34.05,66,0,4.43,GL,1630654365
405,hay river,60.8156,-115.7999,51.78,87,40,4.61,CA,1630654366
406,taoudenni,22.6783,-3.9836,101.8,9,25,10.4,ML,1630654367
407,olafsvik,64.8945,-23.7142,53.71,96,100,17.45,IS,1630654368
408,urengoy,65.9667,78.3667,51.19,90,100,20.36,RU,1630654368
409,port hedland,-20.3167,118.5667,87.85,13,31,10.36,AU,1630654369
410,aklavik,68.2191,-135.0107,47.12,95,100,13.27,CA,1630654370
411,adrar,20.5022,-10.0711,90.64,17,10,14.92,MR,1630654370
412,tocopilla,-22.092,-70.1979,59.63,73,23,4.41,CL,1630654371
413,phan thiet,10.9333,108.1,86.88,69,99,14.83,VN,1630654372
414,mmathubudukwane,-24.6,26.4333,68.86,32,0,13.15,BW,1630654372
415,vuktyl,63.8567,57.3094,54.23,66,100,7.02,RU,1630654373
416,chernyshevskiy,63.0128,112.4714,45.09,51,100,10.78,RU,1630654221
417,vagur,61.4732,-6.8119,53.92,82,100,6.62,FO,1630654374
418,byron bay,-28.65,153.6167,68.05,78,26,7.96,AU,1630654375
419,hokitika,-42.7167,170.9667,51.26,81,16,0.96,NZ,1630654376
420,palatka,29.6486,-81.6376,74.34,83,2,0.96,US,1630654376
421,cockburn town,21.4612,-71.1419,82.42,76,100,15.73,TC,1630654136
422,ennis,52.8436,-8.9864,56.07,82,75,4.61,IE,1630654378
423,eydhafushi,5.1033,73.0708,82.27,72,98,10.22,MV,1630654379
424,doka,13.5167,35.7667,73.94,87,100,11.01,SD,1630654380
425,chilca,-12.5211,-76.7372,59.85,89,82,3.85,PE,1630654380
426,aykhal,66.0,111.5,35.37,85,100,17.16,RU,1630654381
427,kerema,-7.9631,145.7785,80.42,85,91,10.6,PG,1630654382
428,kendari,-3.945,122.4989,79.47,88,91,2.08,ID,1630654382
429,pyaozerskiy,65.8333,31.1667,42.64,92,100,16.06,RU,1630654383
430,barra do garcas,-15.89,-52.2567,70.29,38,2,1.59,BR,1630654384
431,brownsville,25.9018,-97.4975,84.02,87,1,3.0,US,1630654384
432,arlit,18.7369,7.3853,95.83,11,8,16.87,NE,1630654385
433,planadas,3.197,-75.6451,64.65,87,92,4.92,CO,1630654386
434,conceicao do araguaia,-8.2578,-49.2647,73.53,88,0,1.14,BR,1630654387
435,mutoko,-17.397,32.2268,74.8,39,5,8.52,ZW,1630654387
436,cayenne,4.9333,-52.3333,74.08,91,20,0.0,GF,1630654206
437,milyutinskaya,48.6279,41.6679,55.06,80,100,20.56,RU,1630654388
438,clyde river,70.4692,-68.5914,41.18,78,98,3.0,CA,1630654389
439,ibiruba,-28.6275,-53.0897,58.53,91,4,5.82,BR,1630654390
440,pringsewu,-5.3582,104.9744,83.75,66,98,4.03,ID,1630654390
441,eureka,40.8021,-124.1637,53.67,78,56,4.0,US,1630654391
442,sabratah,32.7933,12.4885,88.72,43,0,6.2,LY,1630654392
443,kalaleh,37.3807,55.4916,92.8,52,40,19.57,IR,1630654393
444,mpongwe,-13.5091,28.155,79.63,33,86,10.33,ZM,1630654394
445,gimbi,9.1667,35.8333,59.47,94,97,1.88,ET,1630654394
446,pitimbu,-7.4706,-34.8086,72.19,89,100,10.31,BR,1630654395
447,tiznit,29.5833,-9.5,74.82,43,0,1.05,MA,1630654397
448,cuencame,24.8711,-103.6964,65.25,83,99,3.89,MX,1630654397
449,port-gentil,-0.7193,8.7815,78.76,73,75,11.5,GA,1630654398
450,lodwar,3.1191,35.5973,88.38,37,3,13.2,KE,1630654399
451,gulu,2.7746,32.299,69.6,89,99,1.32,UG,1630654400
452,yakeshi,49.2833,120.7333,67.66,64,95,6.13,CN,1630654400
453,poltavskaya,45.362,38.2154,65.25,49,9,18.68,RU,1630654401
454,harper,4.375,-7.7169,75.22,92,100,16.02,LR,1630654402
455,pascagoula,30.3658,-88.5561,77.02,99,1,0.0,US,1630654403
456,kawambwa,-9.7915,29.0791,81.63,25,80,7.4,ZM,1630654403
457,shahrud,36.4182,54.9763,92.64,11,10,4.03,IR,1630654404
458,tame,6.461,-71.73,71.2,83,64,4.83,CO,1630654405
459,iaciara,-14.0958,-46.6317,67.69,52,3,2.01,BR,1630654405
460,albanel,48.8832,-72.4487,55.54,94,90,4.61,CA,1630654406
461,amga,60.8953,131.9608,61.09,86,71,11.39,RU,1630654407
462,benghazi,32.1167,20.0667,81.27,55,0,16.37,LY,1630654408
463,troitskoye,52.9821,84.6757,72.81,27,0,8.79,RU,1630654409
464,medicine hat,50.0501,-110.6683,49.57,80,75,1.99,CA,1630654409
465,kailua,21.4022,-157.7394,80.58,75,40,11.5,US,1630654410
466,awbari,26.5921,12.7805,89.26,30,0,10.85,LY,1630654411
467,severnyy-kospashskiy,59.0925,57.8008,56.28,90,100,12.64,RU,1630654411
468,gudari,19.35,83.7833,91.04,61,66,2.73,IN,1630654412
469,san quintin,30.4833,-115.95,67.6,84,14,10.07,MX,1630654413
470,poum,-20.2333,164.0167,71.15,60,100,16.02,NC,1630654414
471,liverpool,53.4106,-2.9779,59.29,81,75,1.01,GB,1630654415
472,anshun,26.25,105.9333,76.5,71,85,15.05,CN,1630654416
473,te anau,-45.4167,167.7167,39.9,95,46,4.16,NZ,1630654416
474,great yarmouth,52.6083,1.7305,62.85,81,72,12.53,GB,1630654418
475,vidim,56.4088,103.1106,54.75,49,84,6.2,RU,1630654418
476,vostok,46.4856,135.8833,64.56,71,86,2.84,RU,1630654419
477,cabedelo,-6.9811,-34.8339,72.27,89,99,10.96,BR,1630654420
478,wajid,3.8093,43.2471,87.44,37,16,19.69,SO,1630654420
479,sulina,45.1559,29.6536,64.89,40,2,9.89,RO,1630654421
480,solnechnyy,50.7214,136.6319,64.08,62,19,4.23,RU,1630654422
481,college,64.8569,-147.8028,57.29,85,75,3.44,US,1630654257
482,phayao,19.25,100.25,85.69,66,99,4.38,TH,1630654423
483,trelew,-43.249,-65.3051,52.61,73,100,18.3,AR,1630654424
484,weligama,5.9667,80.4167,84.83,66,54,12.95,LK,1630654424
485,thunder bay,48.4001,-89.3168,61.29,94,75,3.44,CA,1630654209
486,bontang,0.1333,117.5,75.0,94,100,8.52,ID,1630654425
487,lithakia,37.7167,20.8333,81.77,50,20,6.91,GR,1630654336
488,vaitape,-16.5167,-151.75,79.25,68,1,17.2,PF,1630654427
489,san cristobal,7.7669,-72.225,64.99,91,40,1.81,VE,1630654427
490,pionerskiy,54.9508,20.2275,62.44,82,50,26.96,RU,1630654428
491,houyet,50.1862,5.0076,64.87,70,0,5.48,BE,1630654429
492,mayumba,-3.432,10.6554,74.89,79,99,4.76,GA,1630654429
493,mandalgovi,45.7625,106.2708,72.82,33,100,13.8,MN,1630654430
494,aksu,41.1231,80.2644,83.64,23,23,8.21,CN,1630654431
495,bulaevo,54.9056,70.4439,73.81,28,0,15.64,KZ,1630654431
496,toamasina,-18.1667,49.3833,78.8,69,40,9.22,MG,1630654432
497,mbini,1.574,9.6134,78.28,78,100,10.67,GQ,1630654433
498,kismayo,-0.3582,42.5454,81.21,66,5,16.02,SO,1630654433
499,salina,38.8403,-97.6114,76.17,93,75,8.05,US,1630654434
500,gobabis,-22.45,18.9667,75.15,17,0,6.08,NA,1630654435
501,dangriga,16.9692,-88.2321,78.98,83,95,10.71,BZ,1630654435
502,dalbandin,28.8947,64.4101,99.88,5,0,2.28,PK,1630654436
503,kralendijk,12.15,-68.2667,82.38,83,40,10.36,BQ,1630654437
504,slyudyanka,51.6594,103.7061,55.99,64,100,5.48,RU,1630654437
505,udachnyy,66.4167,112.4,38.23,72,100,16.64,RU,1630654438
506,shache,38.4167,77.2406,87.91,12,0,4.59,CN,1630654439
507,naze,28.3667,129.4833,83.32,73,73,5.44,JP,1630654439
508,ust-kuyga,70.0167,135.6,57.16,57,98,6.15,RU,1630654440
509,ulladulla,-35.35,150.4667,68.9,85,72,11.63,AU,1630654441
510,lethem,3.3803,-59.7968,73.13,94,96,7.02,GY,1630654442
511,sola,-13.8833,167.55,75.97,69,15,21.27,VU,1630654442
512,tupik,54.4253,119.9327,68.74,65,100,5.88,RU,1630654443
513,hohhot,40.8106,111.6522,82.69,39,0,4.47,CN,1630654444
514,surt,31.2089,16.5887,82.08,58,0,12.59,LY,1630654445
515,virginia beach,36.8529,-75.978,73.42,77,1,0.0,US,1630654239
516,lakes entrance,-37.8811,147.981,70.57,57,100,11.59,AU,1630654447
517,westport,41.1415,-73.3579,61.83,78,1,5.99,US,1630654447
518,sinegorye,62.0788,150.477,62.13,54,43,3.27,RU,1630654448
519,homer,59.6425,-151.5483,55.29,89,90,0.0,US,1630654449
520,mangit,40.5971,70.9607,87.08,10,0,4.45,UZ,1630654449
521,mardin,37.3131,40.7436,81.66,23,0,14.97,TR,1630654450
522,deputatskiy,69.3,139.9,43.54,95,100,1.32,RU,1630654451
523,soyo,-6.1349,12.3689,73.45,80,96,5.21,AO,1630654451
524,bosaso,11.2842,49.1816,98.58,36,0,31.07,SO,1630654452
525,komsomolskiy,40.4272,71.7189,88.52,19,0,6.91,UZ,1630654453
526,tahoua,14.8888,5.2692,78.78,78,20,16.11,NE,1630654454
527,kunming,25.0389,102.7183,75.13,57,75,8.95,CN,1630654455
528,lahat,-3.8,103.5333,88.23,52,85,5.03,ID,1630654455
529,omsukchan,62.5333,155.8,53.89,60,49,1.43,RU,1630654456
530,gull lake,50.1001,-108.4847,52.16,81,8,7.83,CA,1630654209
531,nerchinskiy zavod,51.3088,119.61,67.62,70,100,3.69,RU,1630654457
532,sinnamary,5.3833,-52.95,75.34,90,100,4.88,GF,1630654458
533,bilma,18.6853,12.9164,93.13,18,2,13.71,NE,1630654459
534,athabasca,54.7169,-113.2854,49.82,83,0,5.79,CA,1630654358
535,gosforth,55.0,-1.6167,55.81,88,90,3.44,GB,1630654460
536,kashan,33.9831,51.4364,99.43,9,4,5.88,IR,1630654460
537,santa rosa,14.3122,121.1114,90.1,59,88,6.42,PH,1630654461
538,lasa,46.6166,10.7002,60.03,68,3,0.78,IT,1630654462
539,sao filipe,14.8961,-24.4956,77.34,79,100,8.84,CV,1630654463
540,saiha,22.4833,92.9667,81.3,86,73,2.82,IN,1630654463
541,olovo,44.13,18.5828,57.15,54,85,2.62,BA,1630654464
542,sao gabriel da cachoeira,-0.1303,-67.0892,71.44,98,68,1.39,BR,1630654465
543,kasongo-lunda,-6.4667,16.8167,81.9,56,100,3.89,CD,1630654465
544,trapani,37.8333,12.6667,78.53,73,20,9.22,IT,1630654311
545,vao,-22.6667,167.4833,68.43,67,17,16.84,NC,1630654466
546,laguna de perlas,12.3429,-83.6712,77.76,87,20,1.86,NI,1630654467
547,saint michael,45.21,-93.665,62.87,92,90,4.0,US,1630654468
548,yeniseysk,58.4497,92.1703,59.97,42,100,1.81,RU,1630654468
549,magistralnyy,56.1725,107.4458,56.64,39,97,8.81,RU,1630654469
550,dunedin,-45.8742,170.5036,50.81,87,43,4.05,NZ,1630654445
551,karangampel,-6.4622,108.4519,88.3,50,94,14.14,ID,1630654470
552,nushki,29.5542,66.0215,97.75,11,1,10.56,PK,1630654471
553,praia da vitoria,38.7333,-27.0667,70.05,88,20,2.37,PT,1630654472
554,ranfurly,-45.1333,170.1,44.64,72,15,6.04,NZ,1630654472
555,guatire,10.4762,-66.5427,77.2,97,100,1.23,VE,1630654313
556,dalianwan,39.0286,121.695,80.64,54,20,11.18,CN,1630654474
557,grand gaube,-20.0064,57.6608,76.37,48,83,11.99,MU,1630654475
558,hambantota,6.1241,81.1185,84.54,84,75,14.97,LK,1630654476
559,stefan voda,46.5153,29.6631,62.28,38,12,12.26,MD,1630654477
560,hami,42.8,93.45,82.08,22,1,4.23,CN,1630654477
561,coihaique,-45.5752,-72.0662,31.95,100,0,3.44,CL,1630654478
562,waddan,29.1614,16.139,82.06,48,0,9.17,LY,1630654479
563,sabang,5.8933,95.3214,81.41,72,95,4.74,ID,1630654479
564,bambanglipuro,-7.95,110.2833,80.71,58,96,13.27,ID,1630654480
565,punta alta,-38.8759,-62.0736,47.57,88,0,7.11,AR,1630654481
566,berlevag,70.8578,29.0864,44.55,87,75,28.77,NO,1630654481
567,sainte-maxime,43.3,6.6333,77.02,66,3,16.33,FR,1630654482
568,ayan,56.45,138.1667,60.58,71,46,12.48,RU,1630654483
569,mayor pablo lagerenza,-19.9309,-60.7718,80.64,46,46,7.38,PY,1630654483
570,polyarnyye zori,67.3661,32.4981,41.32,94,100,14.29,RU,1630654484
571,mgandu,-5.95,34.1333,75.42,39,59,12.28,TZ,1630654485
572,kotel,42.8833,26.45,63.95,40,0,4.03,BG,1630654485
573,sao miguel do araguaia,-13.275,-50.1628,79.79,35,88,4.09,BR,1630654486
574,shihezi,44.3,86.0333,85.93,18,8,12.86,CN,1630654487
575,smirnykh,49.75,142.8333,59.59,92,87,6.35,RU,1630654488
576,sioux lookout,50.1001,-91.917,61.18,82,90,9.22,CA,1630654488
577,norden,53.6,7.2,58.98,84,52,9.78,DE,1630654489
